"識別碼","來源媒體","新聞分類","發布日期","新聞連結","folder","新聞標題","Source"
"news_eb6a9ebb13be62670e2478f7ddd91ca5","2011 ETtoday.net. All Rights Reserved.","y 軍武",2024-07-25 03:26:00,"https://www.ettoday.net/news/20240725/2782810.htm","政治新聞","烏克蘭外長訪中　美媒：尋求結束戰爭之道","NDC"
"news_a9806ff20fd7e3018ba30c51a8cbefa8","2011 ETtoday.net. All Rights Reserved.","國際新聞",2024-11-06 07:59:00,"https://www.ettoday.net/news/20241106/2849761.htm","國際新聞","提前祝賀川普當選！薩爾瓦多總統嗨翻發文　成全球元首第一人","NDC"
"news_184084c4821e8e366597ce3d54463d97","2011 ETtoday.net. All Rights Reserved.","國際新聞",2024-09-16 04:52:00,"https://www.ettoday.net/news/20240916/2817913.htm","國際新聞","SAFE！　川普遇襲後首發文報平安：以身為美國人而驕傲","NDC"
"news_41b9c13ff9d7862a4ef334e2bbad42af","2011 ETtoday.net. All Rights Reserved.","國際新聞",2024-10-01 01:17:00,"https://www.ettoday.net/news/20241001/2826844.htm","國際新聞","華郵專訪　川普：台灣國防預算「應占GDP10%」","NDC"
"news_d1d8e83953d220450f27c9b91ff80666","2011 ETtoday.net. All Rights Reserved.","國際新聞",2024-10-30 23:08:00,"https://www.ettoday.net/news/20241031/2845637.htm","國際新聞","拜登批川粉是「垃圾」惹議 　賀錦麗：不認同","NDC"
"news_70a5ebf2c3f96775200d024ff554c031","2011 ETtoday.net. All Rights Reserved.","國際新聞",2024-10-30 14:05:00,"https://www.ettoday.net/news/20241030/2845574.htm","國際新聞","美國總統大選結果何時出爐？　紐時回顧2次開票爭議始末","NDC"
"news_8eea9ef0bbb73e7b4028c4323e8d2766","2011 ETtoday.net. All Rights Reserved.","國際新聞",2024-10-09 07:40:00,"https://www.ettoday.net/news/20241009/2832252.htm","國際新聞","美「經濟指標穩健」選民卻悲觀　不利賀錦麗選情","NDC"
"news_63438cadb6b5e10f8f513bf3a43883b2","2011 ETtoday.net. All Rights Reserved.","國際新聞",2024-08-10 00:26:00,"https://www.ettoday.net/news/20240810/2794555.htm","國際新聞","超車川普！賀錦麗大逆轉　最新賭盤：勝選率逼近5成","NDC"
"news_e61df35ec98644e574e44e628454627c","2011 ETtoday.net. All Rights Reserved.","國際新聞",2024-10-17 02:26:00,"https://www.ettoday.net/news/20241017/2836758.htm","國際新聞","美前總統卡特剛過百歲生日！　郵寄投票「挺賀」：完成心願","NDC"
"news_6316ca703b62442a79513e954719e89b","2011 ETtoday.net. All Rights Reserved.","國際新聞",2024-07-21 18:28:00,"https://www.ettoday.net/news/20240722/2781901.htm","國際新聞","快訊／川普回應拜登退選「他是史上最糟總統」　換賀錦麗更好打","NDC"
"news_b462ae23990fbe54751470e435929ab1","2011 ETtoday.net. All Rights Reserved.","國際新聞",2024-11-05 11:55:00,"https://www.ettoday.net/news/20241105/2849181.htm","國際新聞","美選賭盤「投票前夕」變了！川普勝率下降　賀錦麗可望反超","NDC"
"news_5b9a2b92c5a2545087f3f3f94279bb41","2011 ETtoday.net. All Rights Reserved.","國際新聞",2024-08-23 09:29:00,"https://www.ettoday.net/news/20240823/2802898.htm","國際新聞","俄男遊泰「性侵母牛」下場超慘！不只捅傷屁屁　恐遣送回國上戰場","NDC"
"news_f263da534b21f7bd7e88c1af2be394de","2011 ETtoday.net. All Rights Reserved.","國際新聞",2024-07-24 03:36:00,"https://www.ettoday.net/news/20240724/2783462.htm","國際新聞","納坦雅胡訪美出席國會演說　將會見拜登、川普","NDC"
"news_c42f9945a1a0bfb490bcf55a9e699c15","2011 ETtoday.net. All Rights Reserved.","國際新聞",2024-07-24 23:22:00,"https://www.ettoday.net/news/20240725/2784070.htm","國際新聞","納坦雅胡赴美演說感謝川拜　強調兩國同仇敵愾","NDC"
"news_eba08d8e471ac6e7b142a4daff75da06","2011 ETtoday.net. All Rights Reserved.","國際新聞",2024-08-20 05:25:00,"https://www.ettoday.net/news/20240820/2800855.htm","國際新聞","拜登哭了！民主黨全代會感性告別　喊「我愛美國」力挺賀錦麗","NDC"
"news_e876d1ce362c72d18818f1a4fbb467f4","2011 ETtoday.net. All Rights Reserved.","國際新聞",2024-07-23 22:30:00,"https://www.ettoday.net/news/20240724/2783349.htm","國際新聞","賀錦麗48小時連創2紀錄！　 美史上僅4位副總統帶職參選總統成功","NDC"
"news_b77f89d8487f131eb4c15991deb241a6","2011 ETtoday.net. All Rights Reserved.","國際新聞",2024-10-24 01:30:00,"https://www.ettoday.net/news/20241024/2841105.htm","國際新聞","美國會選戰激烈　參眾兩院230多年來可能首度「雙雙變天」","NDC"
"news_454722b34c645c6d03e70cddd88b7113","2011 ETtoday.net. All Rights Reserved.","地方新聞",2024-11-06 13:01:00,"https://www.ettoday.net/news/20241106/2849989.htm","地方新聞","台中女大生騎車「2分鐘慘吞6罰單」　爸氣到砸毀機車！警方發聲了","NDC"
"news_eff22eebc8803094a59a349ce356eb03","2011 ETtoday.net. All Rights Reserved.","大陸新聞",2024-11-05 09:05:00,"https://www.ettoday.net/news/20241105/2849057.htm","兩岸新聞","狙擊手待命、設圍欄！陸保守關注美投票氛圍　學者無奈誰勝都一樣","NDC"
"news_b0a5ce81677d8b5a94362d88675aa6b1","2011 ETtoday.net. All Rights Reserved.","房產雲",2024-10-28 10:26:00,"https://house.ettoday.net/news/2817427","財經新聞","中東房市崛起！　川普提前布局5年內四處開花","NDC"
"news_04abc35210a0468c72a6b8129d0ebe5c","2011 ETtoday.net. All Rights Reserved.","政治新聞",2024-07-22 02:16:00,"https://www.ettoday.net/news/20240722/2781956.htm","政治新聞","拜登突退選！　邱毅揭：最後一根稻草是澤倫斯基做了「這件事」","NDC"
"news_7fa87d9e00796f0db89d3c85189f9dab","2011 ETtoday.net. All Rights Reserved.","社會新聞",2024-11-06 15:44:00,"https://www.ettoday.net/news/20241106/2850030.htm","社會新聞","台中男想娶老婆！花4.9萬作法「完全沒用」　怒提告命理師","NDC"
"news_503510cf8b0b487db8e6a5f5fc048480","2011 ETtoday.net. All Rights Reserved.","財經新聞",2024-11-06 12:17:00,"https://finance.ettoday.net/news/2849977","財經新聞","川普重返白宮「投資策略怎麼看？」　專家：股市終將反映基本面","NDC"
"news_265603c1ffdac9ecaf27dd0c391d2da5","2011 ETtoday.net. All Rights Reserved.","財經新聞",2024-10-25 08:07:00,"https://finance.ettoday.net/news/2842194","財經新聞","SCFI終止連八跌回升5.98%　歐洲線漲最多、台灣市場歐美線雙跌","NDC"
"news_1678ff1ba57b17de68ccb6962c51d32b","中央通訊社","兩岸透視",2024-11-06 10:33:56,"https://www.cna.com.tw/news/acn/202411060358.aspx","兩岸新聞","川普當選 台學者：美對台戰略清晰或模糊難預判","NDC"
"news_d9f5e53ec900524d105a1c4c168f575c","中央通訊社","國內政治",2024-10-11 10:23:32,"https://www.cna.com.tw/news/aipl/202410110312.aspx","政治新聞","林佳龍：台納入美多邊戰略架構 盼日扮演更重要角色【專訪】","NDC"
"news_9379e7c509a32dba204e9dcd69f7b78e","中央通訊社","國際焦點",2024-10-22 09:12:46,"https://www.cna.com.tw/news/aopl/202410220281.aspx","國際新聞","川普炸薯條造勢惹議 麥當勞：公司無政治立場","NDC"
"news_baffa7177236be1853d9d6677a1e8b6f","中央通訊社","國際焦點",2024-07-24 04:54:16,"https://www.cna.com.tw/news/aopl/202407240148.aspx","國際新聞","對手從白男變亞非裔女 共和黨阻黨員發動歧視攻擊","NDC"
"news_02a35738475cfb7471f89d5493c885c6","中央通訊社","國際焦點",2024-09-04 17:57:47,"https://www.cna.com.tw/news/aopl/202409050005.aspx","國際新聞","CNN美選6大搖擺州民調：賀錦麗贏2州、川普1州領先","NDC"
"news_a1fd8df573fcb9946c6834e4e3763a89","中央通訊社","國際焦點",2024-10-25 01:03:33,"https://www.cna.com.tw/news/aopl/202410250029.aspx","國際新聞","川普稱賀錦麗若入主白宮 將被習近平當小孩欺負","NDC"
"news_5f740797060cb6a2e209f011077e784e","中央通訊社","國際焦點",2024-10-24 08:21:26,"https://www.cna.com.tw/news/aopl/202410240231.aspx","國際新聞","賀錦麗川普搖擺州造勢 近2500萬選民已提前投票","NDC"
"news_d54283c201a503f66f5a0a93cda51cb9","中央通訊社","國際焦點",2024-10-16 03:20:37,"https://www.cna.com.tw/news/aopl/202410160073.aspx","國際新聞","賀錦麗對決川普選情熱 美關鍵搖擺州喬治亞提早投票首日票數創高","NDC"
"news_5420189686e4c51570256f3e87796291","中央通訊社","國際焦點",2024-07-23 19:41:32,"https://www.cna.com.tw/news/aopl/202407240013.aspx","國際新聞","維安疏失致川普遇刺 美特勤局長辭職：責任在我","NDC"
"news_a5753b6c0ae9321603b4c6dc2bef221d","中央通訊社","國際焦點",2024-08-30 06:34:27,"https://www.cna.com.tw/news/aopl/202408300180.aspx","國際新聞","川普幕僚動手推阿靈頓公墓官員 美國陸軍批不當攻擊","NDC"
"news_6b37845f5d79860179a407b6c7175e4b","中央通訊社","國際焦點",2024-10-30 14:00:57,"https://www.cna.com.tw/news/aopl/202410300499.aspx","國際新聞","共和黨世家表態 小布希之女芭芭拉宣布支持賀錦麗","NDC"
"news_c753b54720c6244e9f94dd22009a61a1","中央通訊社","國際焦點",2024-10-31 00:17:07,"https://www.cna.com.tw/news/aopl/202410310030.aspx","國際新聞","美總統大選墮胎議題難主導 民眾身體自主權前先顧飯碗","NDC"
"news_face7ad8567129b1b45acb798d08d853","中央通訊社","國際焦點",2024-11-01 01:51:30,"https://www.cna.com.tw/news/aopl/202411010046.aspx","國際新聞","美總統大選攻防芬太尼危機 母親們痛失愛子挺身而出","NDC"
"news_04f54fdcea0486b721fefa879d8a0ba9","中央通訊社","國際焦點",2024-07-27 10:00:28,"https://www.cna.com.tw/news/aopl/202407270200.aspx","國際新聞","川普爭取基督徒支持 指責賀錦麗「反猶太」","NDC"
"news_6814a27612e1bec5da741bc65451c57b","中央通訊社","國際焦點",2024-08-20 08:22:19,"https://www.cna.com.tw/news/aopl/202408200233.aspx","國際新聞","川普籲封口費案量刑宣判延至大選後 檢方：法官決定","NDC"
"news_e094038c1ee288ce837507e3bc5a67ad","中央通訊社","國際焦點",2024-10-22 13:05:00,"https://www.cna.com.tw/news/aopl/202410220400.aspx","國際新聞","誰當美總統對克宮都沒差？路透：俄官媒明顯青睞川普","NDC"
"news_fa0127103bfb3ebb78f7d7ef38505068","中央通訊社","國際焦點",2024-08-23 02:56:27,"https://www.cna.com.tw/news/aopl/202408230050.aspx","國際新聞","賀錦麗多族裔身分 反映美國人口演變趨勢","NDC"
"news_1ef6ff3566c5fb4bbb20ba2ce74e4837","中央通訊社","國際焦點",2024-10-09 11:39:37,"https://www.cna.com.tw/news/aopl/202410090406.aspx","國際新聞","路透社民調：賀錦麗贏川普3個百分點 領先幅度縮小","NDC"
"news_157ccca5ec820f2dab1e0b2394ab368f","中央通訊社","國際焦點",2024-08-13 03:15:54,"https://www.cna.com.tw/news/aopl/202408130057.aspx","國際新聞","與川普對談直播出狀況 馬斯克：遭遇大規模網攻","NDC"
"news_156c65ca5a50e0dde9c6842f926bc19b","中央通訊社","國際焦點",2024-09-20 01:58:54,"https://www.cna.com.tw/news/aopl/202409200044.aspx","國際新聞","美國大選逼近 共和黨緊咬移民議題白宮提反駁","NDC"
"news_b94369f6405830094a7bb91873e0e95e","中央通訊社","國際焦點",2024-09-07 04:26:12,"https://www.cna.com.tw/news/aopl/202409070081.aspx","國際新聞","共和黨人倒戈 美前副總統錢尼父女喊票投賀錦麗","NDC"
"news_e4b8e357f2b5206ac53f2f018a31c4a1","中央通訊社","國際焦點",2024-11-05 19:34:26,"https://www.cna.com.tw/news/aopl/202411060007.aspx","國際新聞","開票夜川普在佛州豪宅辦派對 賀錦麗返母校觀選情","NDC"
"news_8196f3798189008bb68d77937cab3166","中央通訊社","國際焦點",2024-10-10 01:26:47,"https://www.cna.com.tw/news/aopl/202410100039.aspx","國際新聞","川普接受波蘭電視台訪問  呼籲波蘭裔美國人投他","NDC"
"news_ba812a7d4f2786f4b32d501372e8fbcb","中央通訊社","地方新聞",2024-11-05 13:54:16,"https://www.cna.com.tw/news/ahel/202411050425.aspx","地方新聞","議員質疑淡海輕軌太慢  侯友宜：時速將提至60公里","NDC"
"news_7ec61f7fbdeaccc716bdb900e388ef0a","中央通訊社","文化新聞",2024-07-30 11:07:05,"https://www.cna.com.tw/news/acul/202407300349.aspx","文化體育新聞","徐華青春書寫「保持真誠」 願用善良方式看待世界","NDC"
"news_6201f2cd1acd1a0532be10e97e3bf087","中央通訊社","財經新聞",2024-10-28 10:29:58,"https://www.cna.com.tw/news/aopl/202410280291.aspx","財經新聞","美總統大選逼近 全球經濟領袖憂川普重返白宮","NDC"
"news_6be3c29774a28c18cf1495b024916b92","中央通訊社","財經新聞",2024-09-11 10:39:01,"https://www.cna.com.tw/news/afe/202409110336.aspx","財經新聞","日圓領漲 新台幣止貶回升收32.105元","NDC"
"news_b872137e04fcd6263837d3018325399f","中央通訊社","運動新聞",2024-08-05 02:17:30,"https://www.cna.com.tw/news/aspt/202408050053.aspx","文化體育新聞","阿爾及利亞女拳手克莉芙談性別風波：金牌是最佳回應","NDC"
"news_d462c9e3762c426a808b1e209b021174","自由時報","國際新聞",2024-07-23 21:30:00,"https://news.ltn.com.tw/news/world/paper/1658226","國際新聞","不管白宮誰當家 林芳正:延續日美維護台海","NDC"
"news_13e2930cb4b2d2aa14ef524a90e8a9bb","自由時報","國際新聞",2024-11-03 00:45:43,"https://news.ltn.com.tw/news/world/breakingnews/4850723","國際新聞","哈里遜福特挺賀錦麗 舉例前川普政府官員警告「別投川普」","NDC"
"news_2b7b3ef5faf699c6377441fd3e003c18","自由時報","國際新聞",2024-08-17 21:30:00,"https://news.ltn.com.tw/news/world/paper/1662395","國際新聞","華茲與中國過往 美眾院調查","NDC"
"news_a02b7ee4110f70cb9988dafa3feb49c5","自由時報","國際新聞",2024-11-06 13:04:52,"https://news.ltn.com.tw/news/world/breakingnews/4854890","國際新聞","川普重返白宮 莫斯科市民盼他終止烏俄戰爭","NDC"
"news_80cd7d05f17ebd774ec2554b296b93bf","自由時報","國際新聞",2024-09-08 07:08:16,"https://news.ltn.com.tw/news/world/breakingnews/4793784","國際新聞","臥底影片曝光！美司法部官員痛批川普案檢察官「扭曲司法」","NDC"
"news_0440c2ab135cb681efd112d61baa90d9","自由時報","國際新聞",2024-10-29 04:59:40,"https://news.ltn.com.tw/news/world/breakingnews/4845410","國際新聞","將川普造勢場比作納粹集會 賀錦麗陣營惹眾怒","NDC"
"news_734309191de0ffdb4c70eea6a69e4280","自由時報","國際新聞",2024-07-21 21:30:00,"https://news.ltn.com.tw/news/world/paper/1657829","國際新聞","拜登堅持不退 本週重返競選","NDC"
"news_e1dd0a5f7a389a1f8936b8843ddb3adc","自由時報","國際新聞",2024-10-30 07:28:30,"https://news.ltn.com.tw/news/world/breakingnews/4846869","國際新聞","風向變了？ 美第三大報《今日美國報》放棄為總統候選人背書","NDC"
"news_cf249d6e7ec13f0540cadc0d1cc2bb5f","自由時報","國際新聞",2024-11-05 12:40:14,"https://news.ltn.com.tw/news/world/breakingnews/4853573","國際新聞","祝禱「賀錦麗必勝！」 印度小村莊鄉親為她勝選祈福","NDC"
"news_206c88736880dd390d7d3ec2cbb57dcb","自由時報","國際新聞",2024-10-22 05:08:16,"https://news.ltn.com.tw/news/world/breakingnews/4838304","國際新聞","川普炸薯條大戰賀錦麗 賓州選情白熱化","NDC"
"news_b23ab13b733ab4284e64bbfc4e13359c","自由時報","國際新聞",2024-10-29 09:14:13,"https://news.ltn.com.tw/news/world/breakingnews/4845686","國際新聞","保守派智庫：美媒偏離中立創新高 川普85％負面vs.賀錦麗78％正面","NDC"
"news_fdadf634862d183182b092b95a21036c","自由時報","國際新聞",2024-08-13 07:21:17,"https://news.ltn.com.tw/news/world/breakingnews/4767515","國際新聞","民主黨上演「宮鬥劇」？ 美媒曝賀錦麗團隊「茶壺內風暴」","NDC"
"news_2fb258e525e4549de9c8ef2c77aa3960","自由時報","國際新聞",2024-09-25 08:00:10,"https://news.ltn.com.tw/news/world/breakingnews/4810742","國際新聞","川普稱生命受伊朗威脅 美情報單位示警","NDC"
"news_1c5503ea4abd2966b079712727add332","自由時報","國際新聞",2024-09-26 05:08:25,"https://news.ltn.com.tw/news/world/breakingnews/4811582","國際新聞","澤倫斯基公開批評川普搭檔 共和黨警告「恐影響未來軍援」","NDC"
"news_2b0588d6ebc2734563f44e61d0b3811e","自由時報","國際新聞",2024-07-22 12:38:13,"https://news.ltn.com.tw/news/world/breakingnews/4744907","國際新聞","民主黨高層重大誤判！ 華爾街日報：低估81歲拜登高齡風險","NDC"
"news_3076b8daaaae35dd748d146a4280bb23","自由時報","國際新聞",2024-08-06 16:52:16,"https://news.ltn.com.tw/news/world/breakingnews/4760778","國際新聞","賀錦麗公布副手人選 明尼蘇達州長華茲出線","NDC"
"news_051ce794886ce2ec108f3a4e9e02f1fb","自由時報","國際新聞",2024-11-06 09:00:56,"https://news.ltn.com.tw/news/world/breakingnews/4854570","國際新聞","看到川普當選超嗨！以色列總理納坦雅胡：史上最偉大逆轉","NDC"
"news_ac557077a17734809f4346781b58da3d","自由時報","國際新聞",2024-08-18 21:30:00,"https://news.ltn.com.tw/news/world/paper/1662507","國際新聞","奧運熱議性別話題 川普造勢場又續炒","NDC"
"news_daaf37199b8bd4f3f5186c5942c35ea7","自由時報","地方新聞",2024-09-25 03:03:30,"https://news.ltn.com.tw/news/Taichung/breakingnews/4810301","地方新聞","輕熟女稱「草蜢」蔡一傑來借錢 警苦勸阻：人家還遇到川普咧","NDC"
"news_1dd1e65273dcd04aed4ea1c5cead564f","自由時報","政治新聞",2024-11-06 10:57:25,"https://news.ltn.com.tw/news/politics/breakingnews/4854700","政治新聞","川普勝選  中研院學者林正義：提高台灣國防預算無可迴避","NDC"
"news_2adf0f426b50b15134d9e7622888ce7f","自由時報","社會新聞",2024-08-15 14:54:36,"https://news.ltn.com.tw/news/society/breakingnews/4770411","社會新聞","角頭「鴨頭」曾與仇家長槍互轟 還捲入大毒梟林孝道運毒案","NDC"
"news_014a88335e34ed1817ce786eb0f235f3","自由時報","財經新聞",2024-10-29 21:30:00,"https://ec.ltn.com.tw/article/paper/1674474","財經新聞","財經青紅燈》台灣從來不偷不搶","NDC"
"news_c06cb0787b3c9394c25848c0db36f653","自由時報","財經新聞",2024-08-30 05:49:54,"https://ec.ltn.com.tw/article/breakingnews/4784913","財經新聞","川普出書: 札克伯格若再密謀反對 將關入監獄度餘生","NDC"
"news_a21f078677b1b4f66aac66e649f3ce37","自由時報","財經新聞",2024-10-24 04:20:32,"https://ec.ltn.com.tw/article/breakingnews/4840622","財經新聞","日圓破153後反彈！新台幣量縮走揚 暫收32.05元","NDC"
"news_0421e7c3ae47117e9fac6ba1139e9245","自由時報","財經新聞",2024-09-23 01:37:43,"https://ec.ltn.com.tw/article/breakingnews/4807986","財經新聞","高通慧眼示好貨？業界人士：不要只看股價、英特爾實際價值遠高於市值","NDC"
"news_b94656abb2064bb999781cce6eb3bbfc","自由時報","財經新聞",2024-11-06 09:03:40,"https://ec.ltn.com.tw/article/breakingnews/4854617","財經新聞","晶圓雙雄神祕買盤救援！外資大砍2.5萬張 股價走揚","NDC"
"news_45285177cdfbb55f20260f13158f13cf","自由時報","財經新聞",2024-11-05 21:30:00,"https://ec.ltn.com.tw/article/paper/1675644","財經新聞","財經青紅燈》美國大選與台灣經濟","NDC"
"news_3f0c503f17ffe26468196e0209d6aa4e","自由時報","體育新聞",2024-08-02 06:22:06,"https://sports.ltn.com.tw/news/breakingnews/4756756","文化體育新聞","奧運》爭議女拳手的下一戰對手很「匈」!「若贏了男人的她，是更大勝利」","NDC"
"d834f7c5-3eb4-4060-885a-b1229d75b2fc","經濟日報","A12版 台股熱點",2024-09-09,"https://udndata.com/ndapp/Story?no=587&page=30&udndbid=udnfree&SearchString=JiMyNDAyOTsmIzI2MjIyOyuk6bTBPj0yMDI0MDcyMiuk6bTBPD0yMDI0MTEwNyuz%2BKdPPcFwpliz%2BHy4Z8DZpOmz%2BHzBcKZYsd%2Bz%2BHxVcGFwZXI%3D&sharepage=20&select=1&kind=2&article_date=2024-09-09&news_id=10416596","財經新聞","鮑爾是能力強還是運氣好？","UDN"
"aebf7377-14cb-4ef8-af01-bdbbbf12b1b0","經濟日報","S14版 台股王外幣",2024-08-11,"https://udndata.com/ndapp/Story?no=758&page=38&udndbid=udnfree&SearchString=JiMyNDAyOTsmIzI2MjIyOyuk6bTBPj0yMDI0MDcyMiuk6bTBPD0yMDI0MTEwNyuz%2BKdPPcFwpliz%2BHy4Z8DZpOmz%2BHzBcKZYsd%2Bz%2BHxVcGFwZXI%3D&sharepage=20&select=1&kind=2&article_date=2024-08-11&news_id=10402540","財經新聞","美元指數 短線弱勢格局 - 反映市場對Fed降息預期","UDN"
"ff4930ca-5d08-4640-8fab-fc5e956dff74","經濟日報","B2版 基金",2024-11-07,"https://udndata.com/ndapp/Story?no=37&page=2&udndbid=udnfree&SearchString=JiMyNDAyOTsmIzI2MjIyOyuk6bTBPj0yMDI0MDcyMiuk6bTBPD0yMDI0MTEwNyuz%2BKdPPcFwpliz%2BHy4Z8DZpOmz%2BHzBcKZYsd%2Bz%2BHxVcGFwZXI%3D&sharepage=20&select=1&kind=2&article_date=2024-11-07&news_id=10444598","財經新聞","成長型基金 長線勝率高","UDN"
"00b9ef96-fae7-4e4f-8ca6-0d147501481e","經濟日報","A6版 國際",2024-10-23,"https://udndata.com/ndapp/Story?no=321&page=17&udndbid=udnfree&SearchString=JiMyNDAyOTsmIzI2MjIyOyuk6bTBPj0yMDI0MDcyMiuk6bTBPD0yMDI0MTEwNyuz%2BKdPPcFwpliz%2BHy4Z8DZpOmz%2BHzBcKZYsd%2Bz%2BHxVcGFwZXI%3D&sharepage=20&select=1&kind=2&article_date=2024-10-23&news_id=10437325","國際新聞","墨拚在地生產 祭租稅優惠 - 招手外企設廠","UDN"
"99425201-86a1-4eb6-b0c6-309fc93df664","經濟日報","A14版 台股熱點",2024-11-04,"https://udndata.com/ndapp/Story?no=142&page=8&udndbid=udnfree&SearchString=JiMyNDAyOTsmIzI2MjIyOyuk6bTBPj0yMDI0MDcyMiuk6bTBPD0yMDI0MTEwNyuz%2BKdPPcFwpliz%2BHy4Z8DZpOmz%2BHzBcKZYsd%2Bz%2BHxVcGFwZXI%3D&sharepage=20&select=1&kind=2&article_date=2024-11-04&news_id=10443053","財經新聞","廣達得力 買盤進駐","UDN"
"f1d20ee4-8ba2-4155-af95-d985a28c7273","經濟日報","A2版 話題",2024-09-12,"https://udndata.com/ndapp/Story?no=565&page=29&udndbid=udnfree&SearchString=JiMyNDAyOTsmIzI2MjIyOyuk6bTBPj0yMDI0MDcyMiuk6bTBPD0yMDI0MTEwNyuz%2BKdPPcFwpliz%2BHy4Z8DZpOmz%2BHzBcKZYsd%2Bz%2BHxVcGFwZXI%3D&sharepage=20&select=1&kind=2&article_date=2024-09-12&news_id=10418035","政治新聞","攻勢猛烈 逼川普採取守勢","UDN"
"a24dfc46-b225-4e46-b977-52be8dde09b8","經濟日報","A1版 要聞",2024-07-22,"https://udndata.com/ndapp/Story?no=985&page=50&udndbid=udnfree&SearchString=JiMyNDAyOTsmIzI2MjIyOyuk6bTBPj0yMDI0MDcyMiuk6bTBPD0yMDI0MTEwNyuz%2BKdPPcFwpliz%2BHy4Z8DZpOmz%2BHzBcKZYsd%2Bz%2BHxVcGFwZXI%3D&sharepage=20&select=1&kind=2&article_date=2024-07-22&news_id=10393049","政治新聞","避險資金 轉進台股四族群 - 「川普投顧」效應 大盤短線恐震盪","UDN"
"6a01b43e-e1a6-45b9-8b98-7ad06d208cbd","經濟日報","B2版 基金",2024-07-23,"https://udndata.com/ndapp/Story?no=941&page=48&udndbid=udnfree&SearchString=JiMyNDAyOTsmIzI2MjIyOyuk6bTBPj0yMDI0MDcyMiuk6bTBPD0yMDI0MTEwNyuz%2BKdPPcFwpliz%2BHy4Z8DZpOmz%2BHzBcKZYsd%2Bz%2BHxVcGFwZXI%3D&sharepage=20&select=1&kind=2&article_date=2024-07-23&news_id=10393586","財經新聞","半導體商品受益人續增","UDN"
"517f654b-10c1-4eb2-9d17-4a67f2f7c4ae","經濟日報","A2版 話題",2024-10-31,"https://udndata.com/ndapp/Story?no=209&page=11&udndbid=udnfree&SearchString=JiMyNDAyOTsmIzI2MjIyOyuk6bTBPj0yMDI0MDcyMiuk6bTBPD0yMDI0MTEwNyuz%2BKdPPcFwpliz%2BHy4Z8DZpOmz%2BHzBcKZYsd%2Bz%2BHxVcGFwZXI%3D&sharepage=20&select=1&kind=2&article_date=2024-10-31&news_id=10441245","政治新聞","美上季GDP成長2.8%","UDN"
"981b01a9-1260-4e4d-a828-357094eaa16d","經濟日報","C2版 市場脈動",2024-10-29,"https://udndata.com/ndapp/Story?no=241&page=13&udndbid=udnfree&SearchString=JiMyNDAyOTsmIzI2MjIyOyuk6bTBPj0yMDI0MDcyMiuk6bTBPD0yMDI0MTEwNyuz%2BKdPPcFwpliz%2BHy4Z8DZpOmz%2BHzBcKZYsd%2Bz%2BHxVcGFwZXI%3D&sharepage=20&select=1&kind=2&article_date=2024-10-29&news_id=10440168","即時新聞","短多優勢股 法人敲進","UDN"
"64d5e35d-1196-4ad1-ac25-79b467751452","經濟日報","A4版 川普勝選 特別報導",2024-11-07,"https://udndata.com/ndapp/Story?no=41&page=3&udndbid=udnfree&SearchString=JiMyNDAyOTsmIzI2MjIyOyuk6bTBPj0yMDI0MDcyMiuk6bTBPD0yMDI0MTEwNyuz%2BKdPPcFwpliz%2BHy4Z8DZpOmz%2BHzBcKZYsd%2Bz%2BHxVcGFwZXI%3D&sharepage=20&select=1&kind=2&article_date=2024-11-07&news_id=10444570","政治新聞","許勝雄：產業鏈將重新布局 - 官產回應","UDN"
"93bad448-b3aa-4ad8-9d2a-a4adabb262b0","聯合報","A8版 國際",2024-08-25,"https://udndata.com/ndapp/Story?no=651&page=33&udndbid=udnfree&SearchString=JiMyNDAyOTsmIzI2MjIyOyuk6bTBPj0yMDI0MDcyMiuk6bTBPD0yMDI0MTEwNyuz%2BKdPPcFwpliz%2BHy4Z8DZpOmz%2BHzBcKZYsd%2Bz%2BHxVcGFwZXI%3D&sharepage=20&select=1&kind=2&article_date=2024-08-25&news_id=10409216","國際新聞","小甘迺迪挺川 紐時：不影響選情","UDN"
"076411cc-0a8a-465d-a136-e629902ab7f1","聯合報","A13版 民意論壇",2024-11-06,"https://udndata.com/ndapp/Story?no=70&page=4&udndbid=udnfree&SearchString=JiMyNDAyOTsmIzI2MjIyOyuk6bTBPj0yMDI0MDcyMiuk6bTBPD0yMDI0MTEwNyuz%2BKdPPcFwpliz%2BHy4Z8DZpOmz%2BHzBcKZYsd%2Bz%2BHxVcGFwZXI%3D&sharepage=20&select=1&kind=2&article_date=2024-11-06&news_id=10443913","專欄與評論","分裂的美國大選 牽動全球焦慮","UDN"
"6dda2e10-bb5a-4da6-8ada-3277d0e23191","聯合報","A8版 國際",2024-08-16,"https://udndata.com/ndapp/Story?no=717&page=36&udndbid=udnfree&SearchString=JiMyNDAyOTsmIzI2MjIyOyuk6bTBPj0yMDI0MDcyMiuk6bTBPD0yMDI0MTEwNyuz%2BKdPPcFwpliz%2BHy4Z8DZpOmz%2BHzBcKZYsd%2Bz%2BHxVcGFwZXI%3D&sharepage=20&select=1&kind=2&article_date=2024-08-16&news_id=10404794","國際新聞","川普：1年內讓能源價、電價砍半","UDN"
"0c4ce4fe-8186-4d98-83c8-b5d8fbd52ce9","聯合報","A9版 國際",2024-09-22,"https://udndata.com/ndapp/Story?no=490&page=25&udndbid=udnfree&SearchString=JiMyNDAyOTsmIzI2MjIyOyuk6bTBPj0yMDI0MDcyMiuk6bTBPD0yMDI0MTEwNyuz%2BKdPPcFwpliz%2BHy4Z8DZpOmz%2BHzBcKZYsd%2Bz%2BHxVcGFwZXI%3D&sharepage=20&select=1&kind=2&article_date=2024-09-22&news_id=10422625","國際新聞","梅鐸長子接班戰 牽動保守派立場","UDN"
"0bf58eb4-fd86-4748-9f06-3e08d491c0ce","聯合報","A9版 話題",2024-10-15,"https://udndata.com/ndapp/Story?no=384&page=20&udndbid=udnfree&SearchString=JiMyNDAyOTsmIzI2MjIyOyuk6bTBPj0yMDI0MDcyMiuk6bTBPD0yMDI0MTEwNyuz%2BKdPPcFwpliz%2BHy4Z8DZpOmz%2BHzBcKZYsd%2Bz%2BHxVcGFwZXI%3D&sharepage=20&select=1&kind=2&article_date=2024-10-15&news_id=10433489","政治新聞","研究各國貧富差異 美3人獲諾貝爾經濟學獎","UDN"
"5b5b65bc-93b6-4954-9d52-dc5be50e7b1b","聯合報","A3版 焦點",2024-10-02,"https://udndata.com/ndapp/Story?no=451&page=23&udndbid=udnfree&SearchString=JiMyNDAyOTsmIzI2MjIyOyuk6bTBPj0yMDI0MDcyMiuk6bTBPD0yMDI0MTEwNyuz%2BKdPPcFwpliz%2BHy4Z8DZpOmz%2BHzBcKZYsd%2Bz%2BHxVcGFwZXI%3D&sharepage=20&select=1&kind=2&article_date=2024-10-02&news_id=10427386","政治新聞","美需索無度 台灣豈能逆來順受","UDN"
"a19a950e-987f-4afd-b8fa-413cae505644","聯合報","A1版 要聞",2024-10-09,"https://udndata.com/ndapp/Story?no=411&page=21&udndbid=udnfree&SearchString=JiMyNDAyOTsmIzI2MjIyOyuk6bTBPj0yMDI0MDcyMiuk6bTBPD0yMDI0MTEwNyuz%2BKdPPcFwpliz%2BHy4Z8DZpOmz%2BHzBcKZYsd%2Bz%2BHxVcGFwZXI%3D&sharepage=20&select=1&kind=2&article_date=2024-10-09&news_id=10430597","政治新聞","美媒專訪 賀錦麗：維持一中政策","UDN"
"78d8056a-2954-4f81-a1b5-9e1fe34cb57e","聯合報","A10版 兩岸",2024-10-29,"https://udndata.com/ndapp/Story?no=238&page=12&udndbid=udnfree&SearchString=JiMyNDAyOTsmIzI2MjIyOyuk6bTBPj0yMDI0MDcyMiuk6bTBPD0yMDI0MTEwNyuz%2BKdPPcFwpliz%2BHy4Z8DZpOmz%2BHzBcKZYsd%2Bz%2BHxVcGFwZXI%3D&sharepage=20&select=1&kind=2&article_date=2024-10-29&news_id=10440110","兩岸新聞","人大常委會 要吹「保5」衝鋒號","UDN"
"9265b27a-cca3-4412-945b-7fa60adc1021","聯合報","R08版 好讀周報國際力",2024-07-29,"https://udndata.com/ndapp/Story?no=850&page=43&udndbid=udnfree&SearchString=JiMyNDAyOTsmIzI2MjIyOyuk6bTBPj0yMDI0MDcyMiuk6bTBPD0yMDI0MTEwNyuz%2BKdPPcFwpliz%2BHy4Z8DZpOmz%2BHzBcKZYsd%2Bz%2BHxVcGFwZXI%3D&sharepage=20&select=1&kind=2&article_date=2024-07-29&news_id=10396268","國際新聞","一周大事給你抄","UDN"
