識別碼,新聞標題,新聞分類,發布日期,新聞前言,新聞連結,來源媒體,來源媒體連結,資料更新時間,folder
news_eb6a9ebb13be62670e2478f7ddd91ca5,烏克蘭外長訪中　美媒：尋求結束戰爭之道,y 軍武,2024-07-25 03:26:00+00:00,烏克蘭總統澤倫斯基近日首次暗示，有意願與俄羅斯就結束烏克蘭戰爭進行談判，而烏克蘭外交部長庫列巴今日起訪中；美媒報導，烏方主要議題包括尋求結束俄羅斯侵略戰爭之道，及中國可能發揮的作用。,https://www.ettoday.net/news/20240725/2782810.htm,2011 ETtoday.net. All Rights Reserved.,https://www.ettoday.net,08/01/2024 12:20:14,政治新聞
news_a9806ff20fd7e3018ba30c51a8cbefa8,提前祝賀川普當選！薩爾瓦多總統嗨翻發文　成全球元首第一人,國際新聞,2024-11-06 07:59:00+00:00,2024美國總統大選的開票工作進入尾聲，如今共和黨參選人川普已經奪下277張選舉人票，確定當選美國總統。對此，位於中美洲北部的國加薩爾瓦多立刻恭賀川普當選，該國總統成為第一個祝賀川普當選的國家元首。,https://www.ettoday.net/news/20241106/2849761.htm,2011 ETtoday.net. All Rights Reserved.,https://www.ettoday.net,11/13/2024 12:20:15,國際新聞
news_184084c4821e8e366597ce3d54463d97,SAFE！　川普遇襲後首發文報平安：以身為美國人而驕傲,國際新聞,2024-09-16 04:52:00+00:00,美國共和黨總統候選人川普15日在佛州打高爾夫球，險遭埋伏在灌木叢中的58歲槍手魯斯（Ryan Wesley Routh）攻擊。川普遇襲後首度在社群平台發文報平安，並感謝執法部門的努力與外界關心。,https://www.ettoday.net/news/20240916/2817913.htm,2011 ETtoday.net. All Rights Reserved.,https://www.ettoday.net,09/23/2024 12:22:03,國際新聞
news_41b9c13ff9d7862a4ef334e2bbad42af,華郵專訪　川普：台灣國防預算「應占GDP10%」,國際新聞,2024-10-01 01:17:00+00:00,美國共和黨總統候選人川普近期受訪，就台海安全議題指出，中國終究會攻打台灣，但不會在他任內發生。他認為台灣的國防支出不夠，應該提高到國內生產毛額的10%。,https://www.ettoday.net/news/20241001/2826844.htm,2011 ETtoday.net. All Rights Reserved.,https://www.ettoday.net,10/08/2024 12:23:46,國際新聞
news_d1d8e83953d220450f27c9b91ff80666,拜登批川粉是「垃圾」惹議 　賀錦麗：不認同,國際新聞,2024-10-30 23:08:00+00:00,美國總統拜登29日批評共和黨候選人川普的支持者是「垃圾」，此言一出引發爭議，不僅惹怒共和黨人，而且可能傷害民主黨候選人賀錦麗的選情。賀錦麗30日試圖與拜登保持距離。,https://www.ettoday.net/news/20241031/2845637.htm,2011 ETtoday.net. All Rights Reserved.,https://www.ettoday.net,11/07/2024 12:28:52,國際新聞
news_70a5ebf2c3f96775200d024ff554c031,美國總統大選結果何時出爐？　紐時回顧2次開票爭議始末,國際新聞,2024-10-30 14:05:00+00:00,美國總統大選將於11月5日登場，但投票結果何時出爐卻值得探究。上次大選計票爭議引發的種種紛擾，人們記憶猶新，這次會有何異同？「紐約時報」撰文詳細解說。,https://www.ettoday.net/news/20241030/2845574.htm,2011 ETtoday.net. All Rights Reserved.,https://www.ettoday.net,11/06/2024 12:39:06,國際新聞
news_8eea9ef0bbb73e7b4028c4323e8d2766,美「經濟指標穩健」選民卻悲觀　不利賀錦麗選情,國際新聞,2024-10-09 07:40:00+00:00,儘管各項指標顯示美國經濟正朝穩健的方向前進，但許多美國人對於商業和就業前景仍感到悲觀，這種情緒對民主黨總統候選人賀錦麗（Kamala Harris）構成令人沮喪的問題。,https://www.ettoday.net/news/20241009/2832252.htm,2011 ETtoday.net. All Rights Reserved.,https://www.ettoday.net,10/16/2024 12:26:10,國際新聞
news_63438cadb6b5e10f8f513bf3a43883b2,超車川普！賀錦麗大逆轉　最新賭盤：勝選率逼近5成,國際新聞,2024-08-10 00:26:00+00:00,美國最新賭盤顯示，民主黨參選人、副總統賀錦麗（Kamala Harris）的勝率已超過共和黨候選人、前總統川普，成為博弈業者看好入主白宮的人選。,https://www.ettoday.net/news/20240810/2794555.htm,2011 ETtoday.net. All Rights Reserved.,https://www.ettoday.net,08/17/2024 12:17:00,國際新聞
news_e61df35ec98644e574e44e628454627c,美前總統卡特剛過百歲生日！　郵寄投票「挺賀」：完成心願,國際新聞,2024-10-17 02:26:00+00:00,美國前總統卡特（Jimmy Carter）今天透過郵寄方式提前選票，他曾在滿百歲前許下心願，希望自己活得夠久，將票投給民主黨總統候選人賀錦麗。,https://www.ettoday.net/news/20241017/2836758.htm,2011 ETtoday.net. All Rights Reserved.,https://www.ettoday.net,10/24/2024 12:20:11,國際新聞
news_6316ca703b62442a79513e954719e89b,快訊／川普回應拜登退選「他是史上最糟總統」　換賀錦麗更好打,國際新聞,2024-07-21 18:28:00+00:00,美國總統拜登（Joe Biden）在台灣時間22日凌晨宣布「放棄競選連任」。美國前總統、共和黨總統候選人川普隨即告訴CNN，拜登將成為美國歷史上最糟糕的總統。,https://www.ettoday.net/news/20240722/2781901.htm,2011 ETtoday.net. All Rights Reserved.,https://www.ettoday.net,07/29/2024 12:17:23,國際新聞
news_b462ae23990fbe54751470e435929ab1,美選賭盤「投票前夕」變了！川普勝率下降　賀錦麗可望反超,國際新聞,2024-11-05 11:55:00+00:00,美國總統大選5日正式登場，但在各州選民陸續投票前夕，網路賭盤卻出現微妙變化。其中，川普的勝選機率持續降低，而賀錦麗不斷緊追，甚至在其中一個平台上，「超車」聲勢大好的對手。,https://www.ettoday.net/news/20241105/2849181.htm,2011 ETtoday.net. All Rights Reserved.,https://www.ettoday.net,11/12/2024 12:20:21,國際新聞
news_5b9a2b92c5a2545087f3f3f94279bb41,俄男遊泰「性侵母牛」下場超慘！不只捅傷屁屁　恐遣送回國上戰場,國際新聞,2024-08-23 09:29:00+00:00,泰國警方日前逮捕一名企圖性侵母牛的俄羅斯遊客，硬上不成反遭母牛用角捅傷，被村民發現後報案，未料調查揭露，他在俄烏戰爭爆發後馬上出國躲兵役，疑似因被女友甩了欲求不滿，一旦被遣返回俄國，恐怕馬上就要上戰場。,https://www.ettoday.net/news/20240823/2802898.htm,2011 ETtoday.net. All Rights Reserved.,https://www.ettoday.net,08/30/2024 12:18:59,國際新聞
news_f263da534b21f7bd7e88c1af2be394de,納坦雅胡訪美出席國會演說　將會見拜登、川普,國際新聞,2024-07-24 03:36:00+00:00,以色列總理納坦雅胡22日抵達美國，預計將於當地時間24日在美國國會進行演說，並於25日前往白宮獲美國總統拜登接見，兩人的會面將在拜登召開退選記者會之後。同時，納坦雅胡也安排前往佛州海湖莊園會晤美國前總統川普，並與美國副總統賀錦麗會面。據悉，川普卸任後，曾批評納坦雅胡無法阻擋哈瑪斯入侵。,https://www.ettoday.net/news/20240724/2783462.htm,2011 ETtoday.net. All Rights Reserved.,https://www.ettoday.net,07/31/2024 12:19:37,國際新聞
news_c42f9945a1a0bfb490bcf55a9e699c15,納坦雅胡赴美演說感謝川拜　強調兩國同仇敵愾,國際新聞,2024-07-24 23:22:00+00:00,以色列總理納坦雅胡今天對美國國會發表演說，稱讚前總統川普支持以色列，感謝現任總統拜登努力營救遭哈瑪斯綁架的人質，並強調「我們的敵人就是你們的敵人」。,https://www.ettoday.net/news/20240725/2784070.htm,2011 ETtoday.net. All Rights Reserved.,https://www.ettoday.net,08/01/2024 12:18:11,國際新聞
news_eba08d8e471ac6e7b142a4daff75da06,拜登哭了！民主黨全代會感性告別　喊「我愛美國」力挺賀錦麗,國際新聞,2024-08-20 05:25:00+00:00,美國民主黨在當地19日晚間舉行全國代表大會（DNC），現任總統拜登也登台發表了長達1小時的演講，回顧自己總統任期內的重要成就，對副總統賀錦麗與其競選搭檔華茲表示強烈支持，並呼籲人們擊敗破壞民主的川普，投票給賀錦麗。,https://www.ettoday.net/news/20240820/2800855.htm,2011 ETtoday.net. All Rights Reserved.,https://www.ettoday.net,08/27/2024 12:20:39,國際新聞
news_e876d1ce362c72d18818f1a4fbb467f4,賀錦麗48小時連創2紀錄！　 美史上僅4位副總統帶職參選總統成功,國際新聞,2024-07-23 22:30:00+00:00,美國副總統賀錦麗（Kamala Harris）接棒拜登角逐民主黨總統候選人，在短短48小時內狂吸超過8000萬美元資金，並獲得黨內許多大佬支持，創下美國歷史上少有的紀錄。若她順利出線，並在11月的大選中擊敗川普獲勝，將在締造歷史；美國史上僅有4位現任副總統在競選總統中獲勝。,https://www.ettoday.net/news/20240724/2783349.htm,2011 ETtoday.net. All Rights Reserved.,https://www.ettoday.net,07/31/2024 12:19:37,國際新聞
news_b77f89d8487f131eb4c15991deb241a6,美國會選戰激烈　參眾兩院230多年來可能首度「雙雙變天」,國際新聞,2024-10-24 01:30:00+00:00,最新民調顯示，共和黨控制的聯邦眾議院及民主黨占多數的參議院在11月的選舉中可能雙雙變天，如果這種「奇觀」發生，將是230多年美國國會改選史上的首次。,https://www.ettoday.net/news/20241024/2841105.htm,2011 ETtoday.net. All Rights Reserved.,https://www.ettoday.net,10/31/2024 12:21:47,國際新聞
news_454722b34c645c6d03e70cddd88b7113,台中女大生騎車「2分鐘慘吞6罰單」　爸氣到砸毀機車！警方發聲了,地方新聞,2024-11-06 13:01:00+00:00,台中一名女大生在住家附近騎機車，因為未打方向燈，短短2分鐘被連續檢舉，警方開了6張罰單，每張1200元共罰7200元，家長一氣之下竟把機車砸毀，以免女兒又違規。對此市議員江和樹認為，違規不對，但非以檢舉之名行報復之時，根本是惡意檢舉，警方也做出回應了。,https://www.ettoday.net/news/20241106/2849989.htm,2011 ETtoday.net. All Rights Reserved.,https://www.ettoday.net,11/13/2024 12:19:02,地方新聞
news_eff22eebc8803094a59a349ce356eb03,狙擊手待命、設圍欄！陸保守關注美投票氛圍　學者無奈誰勝都一樣,大陸新聞,2024-11-05 09:05:00+00:00,美國當地時間11月5日零時剛過，四年一度的美國總統選舉投票正式開始，大陸官媒和主流媒體多半以保守方式報導美選，《央視》今除了報導美國新罕布夏州小鎮迪克斯維爾率先投票消息，大多「引述」美媒報導介紹美選。談及本次美選將如何牽動中美關係與台海局勢？大陸國際關係學者們認為，無論是誰勝選，其對華政策不會有太多「友善」的改變，尤其注意「善變」的川普會以交易形式與中國談判，包括台海局勢，製造更高的新關稅等激烈手段。,https://www.ettoday.net/news/20241105/2849057.htm,2011 ETtoday.net. All Rights Reserved.,https://www.ettoday.net,11/12/2024 12:18:01,兩岸新聞
news_b0a5ce81677d8b5a94362d88675aa6b1,中東房市崛起！　川普提前布局5年內四處開花,房產雲,2024-10-28 10:26:00+00:00,中東地區不僅握有豐富能源資源，現也成全世界房產市場矚目的焦點，尤其是商業重鎮杜拜；美國前總統、共和黨候選人川普早在10年前提早進場布局，預計未來4至5年內，川普品牌房地產將在中東地區四處湧現。,https://house.ettoday.net/news/2817427,2011 ETtoday.net. All Rights Reserved.,https://www.ettoday.net,11/04/2024 12:19:05,財經新聞
news_04abc35210a0468c72a6b8129d0ebe5c,拜登突退選！　邱毅揭：最後一根稻草是澤倫斯基做了「這件事」,政治新聞,2024-07-22 02:16:00+00:00,美國總統拜登選情吃緊，民主黨撤換聲音越來越明顯，拜登因此於21日正式宣布退出2024總統大選。對此，邱毅於今（22日）表示，拜登從辯論會表現荒腔走板，支持度大跌，至於「最後一根稻草」，就是澤倫斯基與川普，討論「俄烏戰爭」停火事宜。他認為，目前民主黨最有優勢的賀錦麗面對川普，也根本沒有勝算，拜登此時退選，史無前例，陣前換將更是兵家大忌，民主黨是冒了大風險。,https://www.ettoday.net/news/20240722/2781956.htm,2011 ETtoday.net. All Rights Reserved.,https://www.ettoday.net,07/29/2024 12:19:18,政治新聞
news_7fa87d9e00796f0db89d3c85189f9dab,台中男想娶老婆！花4.9萬作法「完全沒用」　怒提告命理師,社會新聞,2024-11-06 15:44:00+00:00,台中一名黃姓男子日前到一處命相館，詢問命理師今生今世是否有能娶到老婆的命？對方表示「沒有」，於是黃男就花費4.9萬做法。後續黃男發覺法事完全沒用，一氣之下將命理師告上法院，要求退費，最終法官認為，法事是否真有無幫助，無法以科學驗證，難憑此認定被告有詐欺侵權行為，駁回黃男的告訴。,https://www.ettoday.net/news/20241106/2850030.htm,2011 ETtoday.net. All Rights Reserved.,https://www.ettoday.net,11/13/2024 12:19:46,社會新聞
news_503510cf8b0b487db8e6a5f5fc048480,川普重返白宮「投資策略怎麼看？」　專家：股市終將反映基本面,財經新聞,2024-11-06 12:17:00+00:00,美國總統大選結果大致底定，代表共和黨角逐大選的美國前總統川普（Donald Trump）將於明年1月20日重掌白宮；另在國會方面，參議院已確定轉由共和黨掌控，而眾議院也由共和黨領先，預計拿到過半席次機率仍高，有機會形成「紅色浪潮」（Red Wave）。,https://finance.ettoday.net/news/2849977,2011 ETtoday.net. All Rights Reserved.,https://www.ettoday.net,11/13/2024 12:18:28,財經新聞
news_265603c1ffdac9ecaf27dd0c391d2da5,SCFI終止連八跌回升5.98%　歐洲線漲最多、台灣市場歐美線雙跌,財經新聞,2024-10-25 08:07:00+00:00,上海交易所今(25)日下午3點公布的貨櫃運價指數(SCFI)終止連八跌，報2185.33點，漲123.18點，漲幅5.97%，主要漲在跌深的歐洲與地中海航線，漲幅分別為14.15%與10.51%，顯現控艙減班成效，也有助推動11月1日調升運價計畫。不過本周台灣市場歐美線都有降價，顯示減班也讓各地艙位供給狀況不同，市場也變得混亂。,https://finance.ettoday.net/news/2842194,2011 ETtoday.net. All Rights Reserved.,https://www.ettoday.net,11/01/2024 12:23:27,財經新聞
news_1678ff1ba57b17de68ccb6962c51d32b,川普當選 台學者：美對台戰略清晰或模糊難預判,兩岸透視,2024-11-06 10:33:56+00:00,（中央社記者李雅雯台北6日電）川普將重新入主白宮。有台灣學者分析，川普對台戰略趨於清晰或模糊難預判，恐得視其任命官員才有觀察依據；川普要求台灣提升自我防衛能力，台灣將有加大軍事資源投入壓力。,https://www.cna.com.tw/news/acn/202411060358.aspx,中央通訊社,https://www.cna.com.tw/list/acn.aspx,11/13/2024 12:20:47,兩岸新聞
news_d9f5e53ec900524d105a1c4c168f575c,林佳龍：台納入美多邊戰略架構 盼日扮演更重要角色【專訪】,國內政治,2024-10-11 10:23:32+00:00,（中央社記者游凱翔、楊堯茹台北11日電）長年倡議「亞洲版北約」的日本首相石破茂上任，在地緣政治緊張之際，備受關注。外交部長林佳龍今天表示，石破茂近期開始參加各種國際活動，都透露出希望為日本發展走出一條制度性的解決方案，台灣會特別關注，也期待日本在印太地區、第一島鏈的和平扮演更重要角色。,https://www.cna.com.tw/news/aipl/202410110312.aspx,中央通訊社,https://www.cna.com.tw/list/aipl.aspx,10/18/2024 12:20:57,政治新聞
news_9379e7c509a32dba204e9dcd69f7b78e,川普炸薯條造勢惹議 麥當勞：公司無政治立場,國際焦點,2024-10-22 09:12:46+00:00,（中央社費城21日綜合外電報導）美國共和黨總統候選人川普20日在麥當勞公司（McDonald's Corp.）同意下化身分店員工，親自炸薯條和處理得來速訂單，替大選造勢。麥當勞今天強調，該公司未支持任何候選人。,https://www.cna.com.tw/news/aopl/202410220281.aspx,中央通訊社,https://www.cna.com.tw/list/aopl.aspx,10/29/2024 12:21:24,國際新聞
news_baffa7177236be1853d9d6677a1e8b6f,對手從白男變亞非裔女 共和黨阻黨員發動歧視攻擊,國際焦點,2024-07-24 04:54:16+00:00,（中央社華盛頓23日綜合外電報導）美國民主黨在總統大選前3個多月陣前換將，共和黨領袖和川普競選團隊忙著調整選戰策略之餘，今天也警告黨員，切勿公然以種族和性別歧視言語來攻擊接替總統拜登出征的副總統賀錦麗。,https://www.cna.com.tw/news/aopl/202407240148.aspx,中央通訊社,https://www.cna.com.tw/list/aopl.aspx,07/31/2024 12:19:37,國際新聞
news_02a35738475cfb7471f89d5493c885c6,CNN美選6大搖擺州民調：賀錦麗贏2州、川普1州領先,國際焦點,2024-09-04 17:57:47+00:00,（中央社華盛頓4日綜合外電報導）根據CNN最近民調，美國總統選舉6大搖擺州中，民主黨總統候選人賀錦麗目前在威斯康辛州及密西根州明顯領先，競選對手川普顯然在亞利桑那州占上風，其餘搖擺州沒有明顯領先者。,https://www.cna.com.tw/news/aopl/202409050005.aspx,中央通訊社,https://www.cna.com.tw/list/aopl.aspx,09/12/2024 12:21:54,國際新聞
news_a1fd8df573fcb9946c6834e4e3763a89,川普稱賀錦麗若入主白宮 將被習近平當小孩欺負,國際焦點,2024-10-25 01:03:33+00:00,（中央社華盛頓24日綜合外電報導）美國前總統川普今天表示，若副總統賀錦麗贏得大選入主白宮，中國國家主席習近平將把她「當小孩一樣」修理。,https://www.cna.com.tw/news/aopl/202410250029.aspx,中央通訊社,https://www.cna.com.tw/list/aopl.aspx,11/01/2024 12:23:57,國際新聞
news_5f740797060cb6a2e209f011077e784e,賀錦麗川普搖擺州造勢 近2500萬選民已提前投票,國際焦點,2024-10-24 08:21:26+00:00,（中央社費城/杜魯斯23日綜合外電報導）美國總統大選倒數不到半個月，佛羅里達大學選舉實驗室（Election Lab）的追蹤數據顯示，目前已有近2500萬選民透過親自投票或郵寄選票的方式提前投票。,https://www.cna.com.tw/news/aopl/202410240231.aspx,中央通訊社,https://www.cna.com.tw/list/aopl.aspx,10/31/2024 12:21:47,國際新聞
news_d54283c201a503f66f5a0a93cda51cb9,賀錦麗對決川普選情熱 美關鍵搖擺州喬治亞提早投票首日票數創高,國際焦點,2024-10-16 03:20:37+00:00,（中央社亞特蘭大15日綜合外電報導）美國2024年大選11月5日登場，喬治亞州今天加入其他多州展開提早投票作業。官方數據顯示，這個關鍵搖擺州之一的提早投票首日已翻新紀錄，讓緊繃選情進一步發燒。,https://www.cna.com.tw/news/aopl/202410160073.aspx,中央通訊社,https://www.cna.com.tw/list/aopl.aspx,10/23/2024 12:46:02,國際新聞
news_5420189686e4c51570256f3e87796291,維安疏失致川普遇刺 美特勤局長辭職：責任在我,國際焦點,2024-07-23 19:41:32+00:00,（中央社記者鍾佑貞華盛頓23日專電）川普日前造勢時遭槍擊，根據華郵取得的特勤局局長奇鐸辭職信副本，她今天宣布辭職，並寫道，「我對這次安全漏洞負全責」，「鑑於最近的事件，我抱著沉重的心情做出了辭職的艱難決定」。,https://www.cna.com.tw/news/aopl/202407240013.aspx,中央通訊社,https://www.cna.com.tw/list/aopl.aspx,07/31/2024 12:19:37,國際新聞
news_a5753b6c0ae9321603b4c6dc2bef221d,川普幕僚動手推阿靈頓公墓官員 美國陸軍批不當攻擊,國際焦點,2024-08-30 06:34:27+00:00,（中央社華盛頓29日綜合外電報導）美國共和黨總統候選人川普日前拜訪阿靈頓國家公墓時意外惹風波，陸軍今天將矛頭指向川普的幕僚動手推公墓官員。,https://www.cna.com.tw/news/aopl/202408300180.aspx,中央通訊社,https://www.cna.com.tw/list/aopl.aspx,09/06/2024 12:19:40,國際新聞
news_6b37845f5d79860179a407b6c7175e4b,共和黨世家表態 小布希之女芭芭拉宣布支持賀錦麗,國際焦點,2024-10-30 14:00:57+00:00,（中央社華盛頓29日綜合外電報導）芭芭拉．布希（Barbara Bush）表態支持美國副總統賀錦麗，她的父親與祖父是川普（Donald Trump）前任的共和黨籍總統，但她現在選擇支持川普的民主黨競爭對手。,https://www.cna.com.tw/news/aopl/202410300499.aspx,中央通訊社,https://www.cna.com.tw/list/aopl.aspx,11/06/2024 12:39:06,國際新聞
news_c753b54720c6244e9f94dd22009a61a1,美總統大選墮胎議題難主導 民眾身體自主權前先顧飯碗,國際焦點,2024-10-31 00:17:07+00:00,（中央社記者廖漢原紐約31日專電）女性身體自主與墮胎權是美國總統選舉重要議題，有利於民主黨女性總統候選人賀錦麗，各州陸續出現保護墮胎權利的州憲法修正案公投，希望鼓勵支持者走進投票所；但相對於經濟與移民，關鍵搖擺州選民明顯出現總統與墮胎議題的分裂投票模式。,https://www.cna.com.tw/news/aopl/202410310030.aspx,中央通訊社,https://www.cna.com.tw/list/aopl.aspx,11/07/2024 12:28:52,國際新聞
news_face7ad8567129b1b45acb798d08d853,美總統大選攻防芬太尼危機 母親們痛失愛子挺身而出,國際焦點,2024-11-01 01:51:30+00:00,（中央社記者張欣瑜舊金山1日專電）美國芬太尼危機受疫情衝擊失控，許多母親痛失愛子，有人怪罪拜登政府對邊境安全沒有作為是罪魁禍首，也有人認為共和黨推動錯誤論述對解決危機毫無幫助。,https://www.cna.com.tw/news/aopl/202411010046.aspx,中央通訊社,https://www.cna.com.tw/list/aopl.aspx,11/08/2024 12:25:32,國際新聞
news_04f54fdcea0486b721fefa879d8a0ba9,川普爭取基督徒支持 指責賀錦麗「反猶太」,國際焦點,2024-07-27 10:00:28+00:00,（中央社佛州西棕櫚灘26日綜合外電報導）美國共和黨總統候選人川普今天在一場爭取宗教信徒支持的演講中，指責民主黨競選對手賀錦麗（Kamala Harris）奉行反猶太主義，即便她的丈夫本身就是猶太人。,https://www.cna.com.tw/news/aopl/202407270200.aspx,中央通訊社,https://www.cna.com.tw/list/aopl.aspx,08/03/2024 12:17:33,國際新聞
news_6814a27612e1bec5da741bc65451c57b,川普籲封口費案量刑宣判延至大選後 檢方：法官決定,國際焦點,2024-08-20 08:22:19+00:00,（中央社紐約19日綜合外電報導）針對美國前總統川普（Donald Trump）提出延後封口費案量刑宣判的請求，紐約檢察官表示他們不反對，一切由主審法官決定。,https://www.cna.com.tw/news/aopl/202408200233.aspx,中央通訊社,https://www.cna.com.tw/list/aopl.aspx,08/27/2024 12:20:39,國際新聞
news_e094038c1ee288ce837507e3bc5a67ad,誰當美總統對克宮都沒差？路透：俄官媒明顯青睞川普,國際焦點,2024-10-22 13:05:00+00:00,（中央社莫斯科22日綜合外電報導）包括俄羅斯總統蒲亭在內的俄國官員表示，不管是誰從美國總統大選中勝出，對莫斯科來說都沒有區別。但任何看過俄國官媒報導美國選舉的人，都會得出川普受到強烈青睞的結論。,https://www.cna.com.tw/news/aopl/202410220400.aspx,中央通訊社,https://www.cna.com.tw/list/aopl.aspx,10/29/2024 12:21:24,國際新聞
news_fa0127103bfb3ebb78f7d7ef38505068,賀錦麗多族裔身分 反映美國人口演變趨勢,國際焦點,2024-08-23 02:56:27+00:00,（中央社芝加哥22日綜合外電報導）美國民主黨總統候選人賀錦麗（Kamala Harris）的父親來自牙買加，母親生於印度，兩人都是移民，賀錦麗的出身反映出美國不斷變化的人口組成。,https://www.cna.com.tw/news/aopl/202408230050.aspx,中央通訊社,https://www.cna.com.tw/list/aopl.aspx,08/30/2024 12:18:59,國際新聞
news_1ef6ff3566c5fb4bbb20ba2ce74e4837,路透社民調：賀錦麗贏川普3個百分點 領先幅度縮小,國際焦點,2024-10-09 11:39:37+00:00,（中央社華盛頓9日綜合外電報導）根據路透社/益普索（Reuters/Ipsos）最新民調顯示，美國民主黨總統候選人賀錦麗在11月5日大選的支持率以46%比43%領先共和黨對手川普，領先幅度為3個百分點，較之前縮小。,https://www.cna.com.tw/news/aopl/202410090406.aspx,中央通訊社,https://www.cna.com.tw/list/aopl.aspx,10/16/2024 12:26:10,國際新聞
news_157ccca5ec820f2dab1e0b2394ab368f,與川普對談直播出狀況 馬斯克：遭遇大規模網攻,國際焦點,2024-08-13 03:15:54+00:00,（中央社洛杉磯12日綜合外電報導）億萬富翁馬斯克（Elon Musk）今天表示，他與共和黨籍總統候選人川普在社群媒體平台X上的訪談遭遇網路攻擊。,https://www.cna.com.tw/news/aopl/202408130057.aspx,中央通訊社,https://www.cna.com.tw/list/aopl.aspx,08/20/2024 12:20:13,國際新聞
news_156c65ca5a50e0dde9c6842f926bc19b,美國大選逼近 共和黨緊咬移民議題白宮提反駁,國際焦點,2024-09-20 01:58:54+00:00,（中央社記者石秀娟華盛頓19日專電）美國大選逼近，共和黨緊咬近年非法入境移民暴增議題，近日公佈報告稱，無證移民人數在總統拜登任內將破千萬，較前總統川普任內成長274%。白宮則說，7月非法入境人數已降至低於川普時代。,https://www.cna.com.tw/news/aopl/202409200044.aspx,中央通訊社,https://www.cna.com.tw/list/aopl.aspx,09/27/2024 12:24:58,國際新聞
news_b94369f6405830094a7bb91873e0e95e,共和黨人倒戈 美前副總統錢尼父女喊票投賀錦麗,國際焦點,2024-09-07 04:26:12+00:00,（中央社華盛頓5日綜合外電報導）美國共和黨籍前副總統錢尼今天表示，他將在11月5日總統選舉票投民主黨候選人賀錦麗，而非黨內候選人川普。錢尼此舉呼應女兒麗茲日前做出的相同表態。,https://www.cna.com.tw/news/aopl/202409070081.aspx,中央通訊社,https://www.cna.com.tw/list/aopl.aspx,09/14/2024 12:21:13,國際新聞
news_e4b8e357f2b5206ac53f2f018a31c4a1,開票夜川普在佛州豪宅辦派對 賀錦麗返母校觀選情,國際焦點,2024-11-05 19:34:26+00:00,（中央社紐約5日綜合外電報導）有線電視新聞網（CNN）引述若干消息來源報導，共和黨候選人川普將偕同家人和朋友在佛羅里達州豪宅海湖俱樂部看開票。他的對手賀錦麗則會回華府母校舉行開票之夜。,https://www.cna.com.tw/news/aopl/202411060007.aspx,中央通訊社,https://www.cna.com.tw/list/aopl.aspx,11/13/2024 12:20:15,國際新聞
news_8196f3798189008bb68d77937cab3166,川普接受波蘭電視台訪問  呼籲波蘭裔美國人投他,國際焦點,2024-10-10 01:26:47+00:00,（中央社記者彭維楀華沙10日專電） 美國共和黨總統候選人川普近日接受波蘭共和廣播電視台採訪，敦促波蘭裔美國人在11月的美國大選中投票給他。他聲稱為波蘭人民貢獻許多，從軍售到駐軍波蘭、中止北溪2號管線等，都足以證明他對波蘭人民的支持。,https://www.cna.com.tw/news/aopl/202410100039.aspx,中央通訊社,https://www.cna.com.tw/list/aopl.aspx,10/17/2024 12:21:53,國際新聞
news_ba812a7d4f2786f4b32d501372e8fbcb,議員質疑淡海輕軌太慢  侯友宜：時速將提至60公里,地方新聞,2024-11-05 13:54:16+00:00,（中央社記者王鴻國新北5日電）新北市長侯友宜今天針對議員質疑淡海輕軌太慢，應提速因應淡北道路施工的交通黑暗期問題表示，11月中旬開始進行提速測試，預計可達時速60公里。,https://www.cna.com.tw/news/ahel/202411050425.aspx,中央通訊社,https://www.cna.com.tw/list/aloc.aspx,11/12/2024 12:18:10,地方新聞
news_7ec61f7fbdeaccc716bdb900e388ef0a,徐華青春書寫「保持真誠」 願用善良方式看待世界,文化新聞,2024-07-30 11:07:05+00:00,（中央社記者葉冠吟台北30日電）台裔美籍作家徐華以回憶錄「保持真誠」獲得2023年普立茲自傳文學獎，近期他返台宣傳著作，接受中央社記者專訪時分享，保持真誠就是用強大且善良視野看待世界。,https://www.cna.com.tw/news/acul/202407300349.aspx,中央通訊社,https://www.cna.com.tw/list/acul.aspx,08/06/2024 12:16:50,文化體育新聞
news_6201f2cd1acd1a0532be10e97e3bf087,美總統大選逼近 全球經濟領袖憂川普重返白宮,財經新聞,2024-10-28 10:29:58+00:00,（中央社華盛頓28日綜合外電報導）國際貨幣基金和世界銀行今年年度會議的首要議程包括低成長、高負債和不斷升級的戰爭，但金融界領袖也十分擔心美國共和黨總統候選人川普在11月大選再次當選可能造成的影響。,https://www.cna.com.tw/news/aopl/202410280291.aspx,中央通訊社,https://www.cna.com.tw/list/aie.aspx,11/04/2024 12:19:05,財經新聞
news_6be3c29774a28c18cf1495b024916b92,日圓領漲 新台幣止貶回升收32.105元,財經新聞,2024-09-11 10:39:01+00:00,（中央社記者潘姿羽台北11日電）美國總統大選辯論落幕，美元小幅走弱，日圓展開強勁反攻，亞幣同步上漲，新台幣量縮收升，今天收盤收32.105元，升值6.8分，不過市場觀望氣氛濃厚，交投量能明顯縮水，台北及元太外匯市場總成交金額收斂至13.02億美元。,https://www.cna.com.tw/news/afe/202409110336.aspx,中央通訊社,https://www.cna.com.tw/list/aie.aspx,09/18/2024 12:20:05,財經新聞
news_b872137e04fcd6263837d3018325399f,阿爾及利亞女拳手克莉芙談性別風波：金牌是最佳回應,運動新聞,2024-08-05 02:17:30+00:00,（中央社巴黎4日綜合外電報導）參加巴黎奧運的阿爾及利亞女子拳擊選手克莉芙（Imane Khelif）說，她近期因性別誤解而遭仇恨審視「有傷人性尊嚴」，呼籲停止霸凌運動員的行為。,https://www.cna.com.tw/news/aspt/202408050053.aspx,中央通訊社,https://www.cna.com.tw/list/aspt.aspx,08/12/2024 12:19:45,文化體育新聞
news_d462c9e3762c426a808b1e209b021174,不管白宮誰當家 林芳正:延續日美維護台海,國際新聞,2024-07-23 21:30:00+00:00,"台海和平穩定對國際至關重要
〔駐日特派員林翠儀／東京廿三日報導〕面對美國總統大選充滿變數，日本內閣官房長官林芳正強調，不論誰在十一月的美國總統大選中獲勝，日本都將繼續敦促美國，做為盟友參與維護台灣海峽和平穩定。雖然共和黨總統候選人川普尚未表明對台灣防禦的立場，但林芳正重申，「台海和平穩定不僅對日本…",https://news.ltn.com.tw/news/world/paper/1658226,自由時報,https://news.ltn.com.tw/list/breakingnews/world,07/31/2024 12:19:37,國際新聞
news_13e2930cb4b2d2aa14ef524a90e8a9bb,哈里遜福特挺賀錦麗 舉例前川普政府官員警告「別投川普」,國際新聞,2024-11-03 00:45:43+00:00,"曾德峰／核稿編輯
2024美國總統大選將在11月5日登場，民主黨總統候選人賀錦麗（Kamala Harris）與共和黨總統候選人川普（Donald Trump）持續加緊腳步造勢...…",https://news.ltn.com.tw/news/world/breakingnews/4850723,自由時報,https://news.ltn.com.tw/list/breakingnews/world,11/10/2024 12:23:12,國際新聞
news_2b7b3ef5faf699c6377441fd3e003c18,華茲與中國過往 美眾院調查,國際新聞,2024-08-17 21:30:00+00:00,"〔編譯林家宇／綜合報導〕美國副總統賀錦麗與明尼蘇達州州長華茲宣布連袂參選後，逆轉原先對前總統川普落居下風形勢，聲勢扶搖直上。值此之際，美眾議院監督委員會共和黨籍主席卡莫十六日宣布，對華茲「與中國共產黨實體和官員的長期連結」發動正式調查。
曾任澳門大學研究員 在廣東佛山教學
監督委員會聲明寫道，華…",https://news.ltn.com.tw/news/world/paper/1662395,自由時報,https://news.ltn.com.tw/list/breakingnews/world,08/25/2024 12:19:59,國際新聞
news_a02b7ee4110f70cb9988dafa3feb49c5,川普重返白宮 莫斯科市民盼他終止烏俄戰爭,國際新聞,2024-11-06 13:04:52+00:00,"劉晉仁／核稿編輯
美國共和黨總統候選人川普（Donald Trump）在總統大選勝出，明年1月將重返白宮，《法新社》到俄羅斯首都莫斯科（Muscow）採訪，詢問對於川普當選的看法...…",https://news.ltn.com.tw/news/world/breakingnews/4854890,自由時報,https://news.ltn.com.tw/list/breakingnews/world,11/13/2024 12:20:15,國際新聞
news_80cd7d05f17ebd774ec2554b296b93bf,臥底影片曝光！美司法部官員痛批川普案檢察官「扭曲司法」,國際新聞,2024-09-08 07:08:16+00:00,美國司法部紐約南區（SDNY）的首席發言人比亞斯（Nicholas Biase）近日陷入輿論風暴。一段由臥底記者秘密拍攝的影片曝光，揭露比亞斯在私人場合對起訴前總統川普的檢察官...…,https://news.ltn.com.tw/news/world/breakingnews/4793784,自由時報,https://news.ltn.com.tw/list/breakingnews/world,09/15/2024 12:20:10,國際新聞
news_0440c2ab135cb681efd112d61baa90d9,將川普造勢場比作納粹集會 賀錦麗陣營惹眾怒,國際新聞,2024-10-29 04:59:40+00:00,美國民主黨副總統候選人華茲（Tim Walz）27日將前總統川普在紐約麥迪遜廣場花園（Madison Square Garden）的造勢活動，與1939年納粹支持者在同地舉行的...…,https://news.ltn.com.tw/news/world/breakingnews/4845410,自由時報,https://news.ltn.com.tw/list/breakingnews/world,11/05/2024 12:22:55,國際新聞
news_734309191de0ffdb4c70eea6a69e4280,拜登堅持不退 本週重返競選,國際新聞,2024-07-21 21:30:00+00:00,〔編譯陳成良／綜合報導〕美國總統拜登十七日確診武漢肺炎後，儘管白宮不斷釋放總統病情穩定、將繼續投入選戰的訊息，但民主黨內要求他退選的呼聲不減反增。面對黨內同志質疑，拜登仍展現堅定態度，強調自己將在本週重返競選活動。然而，隨著部分重量級民主黨國會議員公開支持副總統賀錦麗（Kamala Harris）接…,https://news.ltn.com.tw/news/world/paper/1657829,自由時報,https://news.ltn.com.tw/list/breakingnews/world,07/29/2024 12:17:23,國際新聞
news_e1dd0a5f7a389a1f8936b8843ddb3adc,風向變了？ 美第三大報《今日美國報》放棄為總統候選人背書,國際新聞,2024-10-30 07:28:30+00:00,自由派的《今日美國報》（USA Today）及其200多家地方合作報社，宣布將不為今年的美國總統大選背書任何一位總統候選人。這是繼《華盛頓郵報》和《洛杉磯時報》後，又一家主要全...…,https://news.ltn.com.tw/news/world/breakingnews/4846869,自由時報,https://news.ltn.com.tw/list/breakingnews/world,11/06/2024 12:39:06,國際新聞
news_cf249d6e7ec13f0540cadc0d1cc2bb5f,祝禱「賀錦麗必勝！」 印度小村莊鄉親為她勝選祈福,國際新聞,2024-11-05 12:40:14+00:00,美國總統選舉，民主黨候選人賀錦麗與共和黨候選人川普陷入激戰，印度坦米爾那都邦（Tamil Nadu）一個小村莊也為賀錦麗緊張，因為這裡是賀錦麗祖父的家鄉，鄉親5日特地為這名有印...…,https://news.ltn.com.tw/news/world/breakingnews/4853573,自由時報,https://news.ltn.com.tw/list/breakingnews/world,11/12/2024 12:20:21,國際新聞
news_206c88736880dd390d7d3ec2cbb57dcb,川普炸薯條大戰賀錦麗 賓州選情白熱化,國際新聞,2024-10-22 05:08:16+00:00,美國總統大選進入最終階段，搖擺州賓州的選情持續緊張。共和黨候選人川普（Donald Trump）20日在費斯特維爾-特雷弗斯（Feasterville-Trevose）驚喜現身...…,https://news.ltn.com.tw/news/world/breakingnews/4838304,自由時報,https://news.ltn.com.tw/list/breakingnews/world,10/29/2024 12:21:24,國際新聞
news_b23ab13b733ab4284e64bbfc4e13359c,保守派智庫：美媒偏離中立創新高 川普85％負面vs.賀錦麗78％正面,國際新聞,2024-10-29 09:14:13+00:00,距離2024年美國總統大選投票僅剩一週，最新研究指出美國三大電視網對兩黨候選人的報導呈現空前的「嚴重失衡」。保守派智庫媒體研究中心（Media Research Center，...…,https://news.ltn.com.tw/news/world/breakingnews/4845686,自由時報,https://news.ltn.com.tw/list/breakingnews/world,11/05/2024 12:22:55,國際新聞
news_fdadf634862d183182b092b95a21036c,民主黨上演「宮鬥劇」？ 美媒曝賀錦麗團隊「茶壺內風暴」,國際新聞,2024-08-13 07:21:17+00:00,美國自由派政治新聞網站《Politico》12日報導，隨著美國總統大選進入白熱化階段，副總統賀錦麗（Kamala Harris）的競選團隊卻面臨著一場內部的風暴，來自總統拜登團...…,https://news.ltn.com.tw/news/world/breakingnews/4767515,自由時報,https://news.ltn.com.tw/list/breakingnews/world,08/20/2024 12:20:13,國際新聞
news_2fb258e525e4549de9c8ef2c77aa3960,川普稱生命受伊朗威脅 美情報單位示警,國際新聞,2024-09-25 08:00:10+00:00,美國前總統川普（Donald Trump）當地時間9月25日凌晨在其社群平台「Truth Social」發文表示，伊朗對其生命構成「重大威脅」。此前，川普的競選團隊聲稱，美國情...…,https://news.ltn.com.tw/news/world/breakingnews/4810742,自由時報,https://news.ltn.com.tw/list/breakingnews/world,10/02/2024 12:22:46,國際新聞
news_1c5503ea4abd2966b079712727add332,澤倫斯基公開批評川普搭檔 共和黨警告「恐影響未來軍援」,國際新聞,2024-09-26 05:08:25+00:00,烏克蘭總統澤倫斯基（Volodymyr Zelenskyy）訪美期間，批評共和黨總統候選人川普（Donald Trump）的競選搭檔范斯（JD Vance）「過於激進」，並暗示...…,https://news.ltn.com.tw/news/world/breakingnews/4811582,自由時報,https://news.ltn.com.tw/list/breakingnews/world,10/03/2024 12:20:38,國際新聞
news_2b0588d6ebc2734563f44e61d0b3811e,民主黨高層重大誤判！ 華爾街日報：低估81歲拜登高齡風險,國際新聞,2024-07-22 12:38:13+00:00,《華爾街日報》7月22日報導，美國總統拜登宣布退出2024年總統大選，這一前所未有的舉動讓民主黨在距離選舉日不到4個月的時間內失去了提名人，揭示了民主黨高層多年來的一個重大誤判...…,https://news.ltn.com.tw/news/world/breakingnews/4744907,自由時報,https://news.ltn.com.tw/list/breakingnews/world,07/29/2024 12:17:23,國際新聞
news_3076b8daaaae35dd748d146a4280bb23,賀錦麗公布副手人選 明尼蘇達州長華茲出線,國際新聞,2024-08-06 16:52:16+00:00,"相關新聞請見︰
賀錦麗副手華茲曾在中國教書 籲不應遺忘六四
賀錦麗副手華茲 從教室到政壇的跨界領袖
賀錦麗副手華茲出線！ 川普陣營：美國噩夢
賀錦麗副手華茲年輕時曾來台傳教  關心西藏香港人權...…",https://news.ltn.com.tw/news/world/breakingnews/4760778,自由時報,https://news.ltn.com.tw/list/breakingnews/world,08/14/2024 12:17:18,國際新聞
news_051ce794886ce2ec108f3a4e9e02f1fb,看到川普當選超嗨！以色列總理納坦雅胡：史上最偉大逆轉,國際新聞,2024-11-06 09:00:56+00:00,"劉晉仁／核稿編輯
美國總統大選開票工作進入尾聲，共和黨籍候選人川普（Donald Trump）目前拿下的選舉人票，狠甩民主黨籍候選人賀錦麗（Kamala Harris），台灣時間...…",https://news.ltn.com.tw/news/world/breakingnews/4854570,自由時報,https://news.ltn.com.tw/list/breakingnews/world,11/13/2024 12:20:15,國際新聞
news_ac557077a17734809f4346781b58da3d,奧運熱議性別話題 川普造勢場又續炒,國際新聞,2024-08-18 21:30:00+00:00,〔編譯林家宇／綜合報導〕台灣與阿爾及利亞奧運拳擊金牌得主林郁婷、克莉芙（Imane Khelif）在巴黎奧運參賽期間，遭「哈利波特」作者J. K. 羅琳、特斯拉（Tesla）執行長馬斯克，和前美國總統川普等知名人士炒作性別議題，引發全球關注。川普十七日在賓州造勢場合中，再次指稱巴黎奧運有男性參與女性…,https://news.ltn.com.tw/news/world/paper/1662507,自由時報,https://news.ltn.com.tw/list/breakingnews/world,08/26/2024 12:22:29,國際新聞
news_daaf37199b8bd4f3f5186c5942c35ea7,輕熟女稱「草蜢」蔡一傑來借錢 警苦勸阻：人家還遇到川普咧,地方新聞,2024-09-25 03:03:30+00:00,台中市34歲徐姓女子23日接獲自稱香港知名唱跳組合「草蜢舞團」成員「蔡一傑」的臉書訊息，以投資名義借款4萬元，想到心儀歌手開口，徐女立即飛奔至銀行準備匯款，卻被銀行員報警攔阻；...…,https://news.ltn.com.tw/news/Taichung/breakingnews/4810301,自由時報,https://news.ltn.com.tw/list/breakingnews/local,10/02/2024 12:22:54,地方新聞
news_1dd1e65273dcd04aed4ea1c5cead564f,川普勝選  中研院學者林正義：提高台灣國防預算無可迴避,政治新聞,2024-11-06 10:57:25+00:00,美國總統大選今（6）日揭曉川普獲勝，中央研究院歐美研究所研究員林正義指出，川普幕僚多提到台灣國防支出至少增加到國內生產毛額（GDP）的5%，而由2.6%提高至3%是台灣朝野共識...…,https://news.ltn.com.tw/news/politics/breakingnews/4854700,自由時報,https://news.ltn.com.tw/list/breakingnews/politics,11/13/2024 12:20:52,政治新聞
news_2adf0f426b50b15134d9e7622888ce7f,角頭「鴨頭」曾與仇家長槍互轟 還捲入大毒梟林孝道運毒案,社會新聞,2024-08-15 14:54:36+00:00,37歲屏東崁頂角頭、綽號「鴨頭」的男子陳昫豪今天在高雄遭當街槍殺，他屬地方年輕一代勢力，近年透過當鋪生意快速崛起，發跡過程與槍十分密切，甚至曾捲入南部大毒梟林孝道運毒案。而他的...…,https://news.ltn.com.tw/news/society/breakingnews/4770411,自由時報,https://news.ltn.com.tw/list/breakingnews/society,08/22/2024 12:17:43,社會新聞
news_014a88335e34ed1817ce786eb0f235f3,財經青紅燈》台灣從來不偷不搶,財經新聞,2024-10-29 21:30:00+00:00,距離美國總統大選剩下一週，共和黨候選人川普重提「保護費」論調，繼先前稱「台灣搶走晶片生意」，日前又說「台灣偷走我們的晶片生意」。川普不滿美國晶片產業被超車可以理解，但台灣成為全球半導體產業重鎮，目前全球90%晶片來自台灣，這份成就並非偷來搶來，而是多年來政府與民間共同努力換來的，歐美國家的環境恐難孕…,https://ec.ltn.com.tw/article/paper/1674474,自由時報,https://news.ltn.com.tw/list/breakingnews/business,11/06/2024 12:31:31,財經新聞
news_c06cb0787b3c9394c25848c0db36f653,川普出書: 札克伯格若再密謀反對 將關入監獄度餘生,財經新聞,2024-08-30 05:49:54+00:00,"吳孟峰／核稿編輯


〔財經頻道／綜合報導〕2024總統大選共和黨總統候選人川普（Donald Trump ），最近出書「拯救美國」。川普在書中透露，臉書創辦人札克伯格（Mark Zuckerb...…",https://ec.ltn.com.tw/article/breakingnews/4784913,自由時報,https://news.ltn.com.tw/list/breakingnews/business,09/06/2024 12:19:32,財經新聞
news_a21f078677b1b4f66aac66e649f3ce37,日圓破153後反彈！新台幣量縮走揚 暫收32.05元,財經新聞,2024-10-24 04:20:32+00:00,日圓貶破153兑1美元、創近3個月低點後，出現反彈，新台幣兌美元匯率也隨亞幣走揚，早盤最高升抵32.04元，中午暫時收在32.05元、升值3.8分，台北外匯經紀公司成交量...…,https://ec.ltn.com.tw/article/breakingnews/4840622,自由時報,https://news.ltn.com.tw/list/breakingnews/business,10/31/2024 12:19:00,財經新聞
news_0421e7c3ae47117e9fac6ba1139e9245,高通慧眼示好貨？業界人士：不要只看股價、英特爾實際價值遠高於市值,財經新聞,2024-09-23 01:37:43+00:00,"高佳菁／核稿編輯
〔財經頻道／綜合報導〕多家外媒報導，美國晶片大廠高通（Qualcomm）有意收購英特爾。對此，分析師直言，英特爾太重要了，市場不能只看它的股價，值得注意的是，英特爾的實際價值遠...…",https://ec.ltn.com.tw/article/breakingnews/4807986,自由時報,https://news.ltn.com.tw/list/breakingnews/business,09/30/2024 12:23:44,財經新聞
news_b94656abb2064bb999781cce6eb3bbfc,晶圓雙雄神祕買盤救援！外資大砍2.5萬張 股價走揚,財經新聞,2024-11-06 09:03:40+00:00,"高佳菁／核稿編輯
〔財經頻道／綜合報導〕美國總統大選5日登場，從民調顯示，川普一路領先，外資週三（6日）先落跑，賣超台股20.08億元，而晶圓雙雄首當其衝，外資今大砍2.5萬張，其中又以聯電最慘...…",https://ec.ltn.com.tw/article/breakingnews/4854617,自由時報,https://news.ltn.com.tw/list/breakingnews/business,11/13/2024 12:18:28,財經新聞
news_45285177cdfbb55f20260f13158f13cf,財經青紅燈》美國大選與台灣經濟,財經新聞,2024-11-05 21:30:00+00:00,美國總統大選結果即將揭曉，不論川普還是賀錦麗當選，均牽動全球經貿局勢變化。由於川普選前指控台灣偷走美國晶片生意，揚言當選後將對進口晶片課徵關稅，不少人憂心川普當選恐不利台灣經濟。其實，全球政經情勢本就瞬息萬變，尤其這幾年地緣政治衝突四起，但台灣只要厚植實力、維持經濟韌性，就可承擔風險、降低威脅，正如…,https://ec.ltn.com.tw/article/paper/1675644,自由時報,https://news.ltn.com.tw/list/breakingnews/business,11/13/2024 12:18:28,財經新聞
news_3f0c503f17ffe26468196e0209d6aa4e,奧運》爭議女拳手的下一戰對手很「匈」!「若贏了男人的她，是更大勝利」,體育新聞,2024-08-02 06:22:06+00:00,捲入性別檢測風波的阿爾及利亞拳擊女將凱莉芙（Imane Khelif），在奧運女子66公斤級16強賽讓義大利對手卡里妮僅打46秒就棄賽後更成爭議焦點，但她明天8強戰的匈牙...…,https://sports.ltn.com.tw/news/breakingnews/4756756,自由時報,https://news.ltn.com.tw/list/breakingnews/sports,08/09/2024 12:18:25,文化體育新聞
